subdetector,region,local_layer,position_mm,n_rad_lengths,n_int_lengths,cumulative_X0,cumulative_lambdaI,pseudolayer
ECAL_BARREL,barrel,0,1859.7000,0.5671,0.0215,0.5671,0.0215,-1
ECAL_BARREL,barrel,1,1865.0500,0.6205,0.0284,1.1876,0.0499,-1
ECAL_BARREL,barrel,2,1870.4000,0.6205,0.0284,1.8080,0.0783,-1
ECAL_BARREL,barrel,3,1875.7500,0.6205,0.0284,2.4285,0.1068,-1
ECAL_BARREL,barrel,4,1881.1000,0.6205,0.0284,3.0490,0.1352,-1
ECAL_BARREL,barrel,5,1886.4500,0.6205,0.0284,3.6694,0.1636,-1
ECAL_BARREL,barrel,6,1891.8000,0.6205,0.0284,4.2899,0.1921,-1
ECAL_BARREL,barrel,7,1897.1500,0.6205,0.0284,4.9103,0.2205,-1
ECAL_BARREL,barrel,8,1902.5000,0.6205,0.0284,5.5308,0.2489,-1
ECAL_BARREL,barrel,9,1907.8500,0.6205,0.0284,6.1512,0.2774,-1
ECAL_BARREL,barrel,10,1913.2000,0.6205,0.0284,6.7717,0.3058,-1
ECAL_BARREL,barrel,11,1918.5500,0.6205,0.0284,7.3921,0.3342,-1
ECAL_BARREL,barrel,12,1923.9000,0.6205,0.0284,8.0126,0.3627,-1
ECAL_BARREL,barrel,13,1929.2500,0.6205,0.0284,8.6331,0.3911,-1
ECAL_BARREL,barrel,14,1934.6000,0.6205,0.0284,9.2535,0.4196,-1
ECAL_BARREL,barrel,15,1939.9500,0.6205,0.0284,9.8740,0.4480,-1
ECAL_BARREL,barrel,16,1945.3000,0.6205,0.0284,10.4944,0.4764,-1
ECAL_BARREL,barrel,17,1950.6500,0.6205,0.0284,11.1149,0.5049,-1
ECAL_BARREL,barrel,18,1956.0000,0.6205,0.0284,11.7353,0.5333,-1
ECAL_BARREL,barrel,19,1961.3500,0.6205,0.0284,12.3558,0.5617,-1
ECAL_BARREL,barrel,20,1966.7000,0.6205,0.0284,12.9762,0.5902,-1
ECAL_BARREL,barrel,21,1972.0500,0.6205,0.0284,13.5967,0.6186,-1
ECAL_BARREL,barrel,22,1977.4000,0.6205,0.0284,14.2171,0.6470,-1
ECAL_BARREL,barrel,23,1982.7500,0.6205,0.0284,14.8376,0.6755,-1
ECAL_BARREL,barrel,24,1988.1000,0.6205,0.0284,15.4581,0.7039,-1
ECAL_BARREL,barrel,25,1993.4500,0.6205,0.0284,16.0785,0.7323,-1
ECAL_BARREL,barrel,26,1998.8000,0.6205,0.0284,16.6990,0.7608,-1
ECAL_BARREL,barrel,27,2004.1500,0.6205,0.0284,17.3194,0.7892,-1
ECAL_BARREL,barrel,28,2009.5000,0.6205,0.0284,17.9399,0.8176,-1
ECAL_BARREL,barrel,29,2014.8500,0.6205,0.0284,18.5603,0.8461,-1
ECAL_BARREL,barrel,30,2020.2000,0.6205,0.0284,19.1808,0.8745,-1
ECAL_BARREL,barrel,31,2025.5500,0.6205,0.0284,19.8012,0.9029,-1
ECAL_BARREL,barrel,32,2030.9000,0.6205,0.0284,20.4217,0.9314,-1
ECAL_BARREL,barrel,33,2036.2500,0.6205,0.0284,21.0421,0.9598,-1
ECAL_BARREL,barrel,34,2041.6000,0.6205,0.0284,21.6626,0.9882,-1
ECAL_BARREL,barrel,35,2046.9500,0.6205,0.0284,22.2831,1.0167,-1
ECAL_BARREL,barrel,36,2052.3000,0.6205,0.0284,22.9035,1.0451,-1
ECAL_BARREL,barrel,37,2057.6499,0.6205,0.0284,23.5240,1.0735,-1
ECAL_BARREL,barrel,38,2063.0000,0.6205,0.0284,24.1444,1.1020,-1
ECAL_BARREL,barrel,39,2068.3501,0.6205,0.0284,24.7649,1.1304,-1
ECAL_BARREL,barrel,40,2073.7000,0.6205,0.0284,25.3853,1.1588,-1
ECAL_BARREL,barrel,41,2079.0500,0.6205,0.0284,26.0058,1.1873,-1
ECAL_BARREL,barrel,42,2084.3999,0.6205,0.0284,26.6262,1.2157,-1
ECAL_BARREL,barrel,43,2089.7500,0.6205,0.0284,27.2467,1.2441,-1
ECAL_BARREL,barrel,44,2095.1001,0.6205,0.0284,27.8671,1.2726,-1
ECAL_BARREL,barrel,45,2100.4500,0.6205,0.0284,28.4876,1.3010,-1
ECAL_BARREL,barrel,46,2105.8000,0.6205,0.0284,29.1081,1.3294,-1
ECAL_BARREL,barrel,47,2111.1499,0.6205,0.0284,29.7285,1.3579,-1
ECAL_BARREL,barrel,48,2116.5000,0.6205,0.0284,30.3490,1.3863,-1
ECAL_BARREL,barrel,49,2121.8501,0.6205,0.0284,30.9694,1.4148,-1
HCAL_BARREL,barrel,0,2147.0000,1.1083,0.1156,1.1083,0.1156,-1
HCAL_BARREL,barrel,1,2173.5000,1.1512,0.1227,2.2595,0.2383,-1
HCAL_BARREL,barrel,2,2200.0000,1.1512,0.1227,3.4107,0.3611,-1
HCAL_BARREL,barrel,3,2226.5000,1.1512,0.1227,4.5619,0.4838,-1
HCAL_BARREL,barrel,4,2253.0000,1.1512,0.1227,5.7131,0.6066,-1
HCAL_BARREL,barrel,5,2279.5000,1.1512,0.1227,6.8643,0.7293,-1
HCAL_BARREL,barrel,6,2306.0000,1.1512,0.1227,8.0156,0.8521,-1
HCAL_BARREL,barrel,7,2332.5000,1.1512,0.1227,9.1668,0.9748,-1
HCAL_BARREL,barrel,8,2359.0000,1.1512,0.1227,10.3180,1.0976,-1
HCAL_BARREL,barrel,9,2385.5000,1.1512,0.1227,11.4692,1.2203,-1
HCAL_BARREL,barrel,10,2412.0000,1.1512,0.1227,12.6204,1.3430,-1
HCAL_BARREL,barrel,11,2438.5000,1.1512,0.1227,13.7716,1.4658,-1
HCAL_BARREL,barrel,12,2465.0000,1.1512,0.1227,14.9228,1.5885,-1
HCAL_BARREL,barrel,13,2491.5000,1.1512,0.1227,16.0740,1.7113,-1
HCAL_BARREL,barrel,14,2518.0000,1.1512,0.1227,17.2252,1.8340,-1
HCAL_BARREL,barrel,15,2544.5000,1.1512,0.1227,18.3765,1.9568,-1
HCAL_BARREL,barrel,16,2571.0000,1.1512,0.1227,19.5277,2.0795,-1
HCAL_BARREL,barrel,17,2597.5000,1.1512,0.1227,20.6789,2.2022,-1
HCAL_BARREL,barrel,18,2624.0000,1.1512,0.1227,21.8301,2.3250,-1
HCAL_BARREL,barrel,19,2650.5000,1.1512,0.1227,22.9813,2.4477,-1
HCAL_BARREL,barrel,20,2677.0000,1.1512,0.1227,24.1325,2.5705,-1
HCAL_BARREL,barrel,21,2703.5000,1.1512,0.1227,25.2837,2.6932,-1
HCAL_BARREL,barrel,22,2730.0000,1.1512,0.1227,26.4349,2.8160,-1
HCAL_BARREL,barrel,23,2756.5000,1.1512,0.1227,27.5861,2.9387,-1
HCAL_BARREL,barrel,24,2783.0000,1.1512,0.1227,28.7374,3.0615,-1
HCAL_BARREL,barrel,25,2809.5000,1.1512,0.1227,29.8886,3.1842,-1
HCAL_BARREL,barrel,26,2836.0000,1.1512,0.1227,31.0398,3.3069,-1
HCAL_BARREL,barrel,27,2862.5000,1.1512,0.1227,32.1910,3.4297,-1
HCAL_BARREL,barrel,28,2889.0000,1.1512,0.1227,33.3422,3.5524,-1
HCAL_BARREL,barrel,29,2915.5000,1.1512,0.1227,34.4934,3.6752,-1
HCAL_BARREL,barrel,30,2942.0000,1.1512,0.1227,35.6446,3.7979,-1
HCAL_BARREL,barrel,31,2968.5000,1.1512,0.1227,36.7958,3.9207,-1
HCAL_BARREL,barrel,32,2995.0000,1.1512,0.1227,37.9470,4.0434,-1
HCAL_BARREL,barrel,33,3021.5000,1.1512,0.1227,39.0982,4.1662,-1
HCAL_BARREL,barrel,34,3048.0000,1.1512,0.1227,40.2495,4.2889,-1
HCAL_BARREL,barrel,35,3074.5000,1.1512,0.1227,41.4007,4.4116,-1
HCAL_BARREL,barrel,36,3101.0000,1.1512,0.1227,42.5519,4.5344,-1
HCAL_BARREL,barrel,37,3127.5000,1.1512,0.1227,43.7031,4.6571,-1
HCAL_BARREL,barrel,38,3154.0000,1.1512,0.1227,44.8543,4.7799,-1
HCAL_BARREL,barrel,39,3180.5000,1.1512,0.1227,46.0055,4.9026,-1
HCAL_BARREL,barrel,40,3207.0000,1.1512,0.1227,47.1567,5.0254,-1
HCAL_BARREL,barrel,41,3233.5000,1.1512,0.1227,48.3079,5.1481,-1
HCAL_BARREL,barrel,42,3260.0000,1.1512,0.1227,49.4591,5.2708,-1
HCAL_BARREL,barrel,43,3286.5000,1.1512,0.1227,50.6104,5.3936,-1
HCAL_BARREL,barrel,44,3313.0000,1.1512,0.1227,51.7616,5.5163,-1
HCAL_BARREL,barrel,45,3339.5000,1.1512,0.1227,52.9128,5.6391,-1
HCAL_BARREL,barrel,46,3366.0000,1.1512,0.1227,54.0640,5.7618,-1
HCAL_BARREL,barrel,47,3392.5000,1.1512,0.1227,55.2152,5.8846,-1
HCAL_BARREL,barrel,48,3419.0000,1.1512,0.1227,56.3664,6.0073,-1
HCAL_BARREL,barrel,49,3445.5000,1.1512,0.1227,57.5176,6.1301,-1
HCAL_BARREL,barrel,50,3472.0000,1.1512,0.1227,58.6688,6.2528,-1
HCAL_BARREL,barrel,51,3498.5000,1.1512,0.1227,59.8200,6.3755,-1
HCAL_BARREL,barrel,52,3525.0000,1.1512,0.1227,60.9713,6.4983,-1
HCAL_BARREL,barrel,53,3551.5000,1.1512,0.1227,62.1225,6.6210,-1
HCAL_BARREL,barrel,54,3578.0000,1.1512,0.1227,63.2737,6.7438,-1
HCAL_BARREL,barrel,55,3604.5000,1.1512,0.1227,64.4249,6.8665,-1
HCAL_BARREL,barrel,56,3631.0000,1.1512,0.1227,65.5761,6.9893,-1
HCAL_BARREL,barrel,57,3657.5000,1.1512,0.1227,66.7273,7.1120,-1
HCAL_BARREL,barrel,58,3684.0000,1.1512,0.1227,67.8785,7.2348,-1
HCAL_BARREL,barrel,59,3710.5000,1.1512,0.1227,69.0297,7.3575,-1
HCAL_BARREL,barrel,60,3737.0000,1.1512,0.1227,70.1810,7.4802,-1
HCAL_BARREL,barrel,61,3763.5000,1.1512,0.1227,71.3322,7.6030,-1
HCAL_BARREL,barrel,62,3790.0000,1.1512,0.1227,72.4834,7.7257,-1
HCAL_BARREL,barrel,63,3816.5000,1.1512,0.1227,73.6346,7.8485,-1
HCAL_BARREL,barrel,64,3843.0000,1.1512,0.1227,74.7858,7.9712,-1
HCAL_BARREL,barrel,65,3869.5000,1.1512,0.1227,75.9370,8.0940,-1
HCAL_BARREL,barrel,66,3896.0000,1.1512,0.1227,77.0882,8.2167,-1
HCAL_BARREL,barrel,67,3922.5000,1.1512,0.1227,78.2395,8.3395,-1
HCAL_BARREL,barrel,68,3949.0000,1.1512,0.1227,79.3907,8.4622,-1
HCAL_BARREL,barrel,69,3975.5000,1.1512,0.1227,80.5419,8.5849,-1
HCAL_BARREL,barrel,70,4002.0000,1.1512,0.1227,81.6931,8.7077,-1
HCAL_BARREL,barrel,71,4028.5000,1.1512,0.1227,82.8443,8.8304,-1
HCAL_BARREL,barrel,72,4055.0000,1.1512,0.1227,83.9955,8.9532,-1
HCAL_BARREL,barrel,73,4081.5000,1.1512,0.1227,85.1468,9.0759,-1
HCAL_BARREL,barrel,74,4108.0000,1.1512,0.1227,86.2980,9.1987,-1
MUON_BARREL,barrel,0,4157.5000,0.0272,0.0071,0.0272,0.0071,-1
MUON_BARREL,barrel,1,4593.5000,0.1102,0.0289,0.1375,0.0360,-1
MUON_BARREL,barrel,2,5029.5000,0.1102,0.0289,0.2477,0.0649,-1
MUON_BARREL,barrel,3,5465.5000,0.1102,0.0289,0.3579,0.0938,-1
ECAL_ENDCAP,endcap,0,2310.0000,0.5671,0.0215,0.5671,0.0215,-1
ECAL_ENDCAP,endcap,1,2315.3501,0.6205,0.0284,1.1876,0.0499,-1
ECAL_ENDCAP,endcap,2,2320.7000,0.6205,0.0284,1.8080,0.0783,-1
ECAL_ENDCAP,endcap,3,2326.0500,0.6205,0.0284,2.4285,0.1068,-1
ECAL_ENDCAP,endcap,4,2331.3999,0.6205,0.0284,3.0490,0.1352,-1
ECAL_ENDCAP,endcap,5,2336.7500,0.6205,0.0284,3.6694,0.1636,-1
ECAL_ENDCAP,endcap,6,2342.1001,0.6205,0.0284,4.2899,0.1921,-1
ECAL_ENDCAP,endcap,7,2347.4500,0.6205,0.0284,4.9103,0.2205,-1
ECAL_ENDCAP,endcap,8,2352.8000,0.6205,0.0284,5.5308,0.2489,-1
ECAL_ENDCAP,endcap,9,2358.1499,0.6205,0.0284,6.1512,0.2774,-1
ECAL_ENDCAP,endcap,10,2363.5000,0.6205,0.0284,6.7717,0.3058,-1
ECAL_ENDCAP,endcap,11,2368.8501,0.6205,0.0284,7.3921,0.3342,-1
ECAL_ENDCAP,endcap,12,2374.2000,0.6205,0.0284,8.0126,0.3627,-1
ECAL_ENDCAP,endcap,13,2379.5500,0.6205,0.0284,8.6331,0.3911,-1
ECAL_ENDCAP,endcap,14,2384.8999,0.6205,0.0284,9.2535,0.4196,-1
ECAL_ENDCAP,endcap,15,2390.2500,0.6205,0.0284,9.8740,0.4480,-1
ECAL_ENDCAP,endcap,16,2395.6001,0.6205,0.0284,10.4944,0.4764,-1
ECAL_ENDCAP,endcap,17,2400.9500,0.6205,0.0284,11.1149,0.5049,-1
ECAL_ENDCAP,endcap,18,2406.3000,0.6205,0.0284,11.7353,0.5333,-1
ECAL_ENDCAP,endcap,19,2411.6499,0.6205,0.0284,12.3558,0.5617,-1
ECAL_ENDCAP,endcap,20,2417.0000,0.6205,0.0284,12.9762,0.5902,-1
ECAL_ENDCAP,endcap,21,2422.3501,0.6205,0.0284,13.5967,0.6186,-1
ECAL_ENDCAP,endcap,22,2427.7000,0.6205,0.0284,14.2171,0.6470,-1
ECAL_ENDCAP,endcap,23,2433.0500,0.6205,0.0284,14.8376,0.6755,-1
ECAL_ENDCAP,endcap,24,2438.3999,0.6205,0.0284,15.4581,0.7039,-1
ECAL_ENDCAP,endcap,25,2443.7500,0.6205,0.0284,16.0785,0.7323,-1
ECAL_ENDCAP,endcap,26,2449.1001,0.6205,0.0284,16.6990,0.7608,-1
ECAL_ENDCAP,endcap,27,2454.4500,0.6205,0.0284,17.3194,0.7892,-1
ECAL_ENDCAP,endcap,28,2459.8000,0.6205,0.0284,17.9399,0.8176,-1
ECAL_ENDCAP,endcap,29,2465.1499,0.6205,0.0284,18.5603,0.8461,-1
ECAL_ENDCAP,endcap,30,2470.5000,0.6205,0.0284,19.1808,0.8745,-1
ECAL_ENDCAP,endcap,31,2475.8501,0.6205,0.0284,19.8012,0.9029,-1
ECAL_ENDCAP,endcap,32,2481.2000,0.6205,0.0284,20.4217,0.9314,-1
ECAL_ENDCAP,endcap,33,2486.5500,0.6205,0.0284,21.0421,0.9598,-1
ECAL_ENDCAP,endcap,34,2491.8999,0.6205,0.0284,21.6626,0.9882,-1
ECAL_ENDCAP,endcap,35,2497.2500,0.6205,0.0284,22.2831,1.0167,-1
ECAL_ENDCAP,endcap,36,2502.6001,0.6205,0.0284,22.9035,1.0451,-1
ECAL_ENDCAP,endcap,37,2507.9500,0.6205,0.0284,23.5240,1.0735,-1
ECAL_ENDCAP,endcap,38,2513.3000,0.6205,0.0284,24.1444,1.1020,-1
ECAL_ENDCAP,endcap,39,2518.6499,0.6205,0.0284,24.7649,1.1304,-1
ECAL_ENDCAP,endcap,40,2524.0000,0.6205,0.0284,25.3853,1.1588,-1
ECAL_ENDCAP,endcap,41,2529.3501,0.6205,0.0284,26.0058,1.1873,-1
ECAL_ENDCAP,endcap,42,2534.7000,0.6205,0.0284,26.6262,1.2157,-1
ECAL_ENDCAP,endcap,43,2540.0500,0.6205,0.0284,27.2467,1.2441,-1
ECAL_ENDCAP,endcap,44,2545.3999,0.6205,0.0284,27.8671,1.2726,-1
ECAL_ENDCAP,endcap,45,2550.7500,0.6205,0.0284,28.4876,1.3010,-1
ECAL_ENDCAP,endcap,46,2556.1001,0.6205,0.0284,29.1081,1.3294,-1
ECAL_ENDCAP,endcap,47,2561.4500,0.6205,0.0284,29.7285,1.3579,-1
ECAL_ENDCAP,endcap,48,2566.8000,0.6205,0.0284,30.3490,1.3863,-1
ECAL_ENDCAP,endcap,49,2572.1499,0.6205,0.0284,30.9694,1.4148,-1
HCAL_ENDCAP,endcap,0,2596.8000,1.1083,0.1156,1.1083,0.1156,-1
HCAL_ENDCAP,endcap,1,2623.3000,1.1512,0.1227,2.2595,0.2383,-1
HCAL_ENDCAP,endcap,2,2649.8000,1.1512,0.1227,3.4107,0.3611,-1
HCAL_ENDCAP,endcap,3,2676.3000,1.1512,0.1227,4.5619,0.4838,-1
HCAL_ENDCAP,endcap,4,2702.8000,1.1512,0.1227,5.7131,0.6066,-1
HCAL_ENDCAP,endcap,5,2729.3000,1.1512,0.1227,6.8643,0.7293,-1
HCAL_ENDCAP,endcap,6,2755.8000,1.1512,0.1227,8.0156,0.8521,-1
HCAL_ENDCAP,endcap,7,2782.3000,1.1512,0.1227,9.1668,0.9748,-1
HCAL_ENDCAP,endcap,8,2808.8000,1.1512,0.1227,10.3180,1.0976,-1
HCAL_ENDCAP,endcap,9,2835.3000,1.1512,0.1227,11.4692,1.2203,-1
HCAL_ENDCAP,endcap,10,2861.8000,1.1512,0.1227,12.6204,1.3430,-1
HCAL_ENDCAP,endcap,11,2888.3000,1.1512,0.1227,13.7716,1.4658,-1
HCAL_ENDCAP,endcap,12,2914.8000,1.1512,0.1227,14.9228,1.5885,-1
HCAL_ENDCAP,endcap,13,2941.3000,1.1512,0.1227,16.0740,1.7113,-1
HCAL_ENDCAP,endcap,14,2967.8000,1.1512,0.1227,17.2252,1.8340,-1
HCAL_ENDCAP,endcap,15,2994.3000,1.1512,0.1227,18.3765,1.9568,-1
HCAL_ENDCAP,endcap,16,3020.8000,1.1512,0.1227,19.5277,2.0795,-1
HCAL_ENDCAP,endcap,17,3047.3000,1.1512,0.1227,20.6789,2.2022,-1
HCAL_ENDCAP,endcap,18,3073.8000,1.1512,0.1227,21.8301,2.3250,-1
HCAL_ENDCAP,endcap,19,3100.3000,1.1512,0.1227,22.9813,2.4477,-1
HCAL_ENDCAP,endcap,20,3126.8000,1.1512,0.1227,24.1325,2.5705,-1
HCAL_ENDCAP,endcap,21,3153.3000,1.1512,0.1227,25.2837,2.6932,-1
HCAL_ENDCAP,endcap,22,3179.8000,1.1512,0.1227,26.4349,2.8160,-1
HCAL_ENDCAP,endcap,23,3206.3000,1.1512,0.1227,27.5861,2.9387,-1
HCAL_ENDCAP,endcap,24,3232.8000,1.1512,0.1227,28.7374,3.0615,-1
HCAL_ENDCAP,endcap,25,3259.3000,1.1512,0.1227,29.8886,3.1842,-1
HCAL_ENDCAP,endcap,26,3285.8000,1.1512,0.1227,31.0398,3.3069,-1
HCAL_ENDCAP,endcap,27,3312.3000,1.1512,0.1227,32.1910,3.4297,-1
HCAL_ENDCAP,endcap,28,3338.8000,1.1512,0.1227,33.3422,3.5524,-1
HCAL_ENDCAP,endcap,29,3365.3000,1.1512,0.1227,34.4934,3.6752,-1
HCAL_ENDCAP,endcap,30,3391.8000,1.1512,0.1227,35.6446,3.7979,-1
HCAL_ENDCAP,endcap,31,3418.3000,1.1512,0.1227,36.7958,3.9207,-1
HCAL_ENDCAP,endcap,32,3444.8000,1.1512,0.1227,37.9470,4.0434,-1
HCAL_ENDCAP,endcap,33,3471.3000,1.1512,0.1227,39.0982,4.1662,-1
HCAL_ENDCAP,endcap,34,3497.8000,1.1512,0.1227,40.2495,4.2889,-1
HCAL_ENDCAP,endcap,35,3524.3000,1.1512,0.1227,41.4007,4.4116,-1
HCAL_ENDCAP,endcap,36,3550.8000,1.1512,0.1227,42.5519,4.5344,-1
HCAL_ENDCAP,endcap,37,3577.3000,1.1512,0.1227,43.7031,4.6571,-1
HCAL_ENDCAP,endcap,38,3603.8000,1.1512,0.1227,44.8543,4.7799,-1
HCAL_ENDCAP,endcap,39,3630.3000,1.1512,0.1227,46.0055,4.9026,-1
HCAL_ENDCAP,endcap,40,3656.8000,1.1512,0.1227,47.1567,5.0254,-1
HCAL_ENDCAP,endcap,41,3683.3000,1.1512,0.1227,48.3079,5.1481,-1
HCAL_ENDCAP,endcap,42,3709.8000,1.1512,0.1227,49.4591,5.2708,-1
HCAL_ENDCAP,endcap,43,3736.3000,1.1512,0.1227,50.6104,5.3936,-1
HCAL_ENDCAP,endcap,44,3762.8000,1.1512,0.1227,51.7616,5.5163,-1
HCAL_ENDCAP,endcap,45,3789.3000,1.1512,0.1227,52.9128,5.6391,-1
HCAL_ENDCAP,endcap,46,3815.8000,1.1512,0.1227,54.0640,5.7618,-1
HCAL_ENDCAP,endcap,47,3842.3000,1.1512,0.1227,55.2152,5.8846,-1
HCAL_ENDCAP,endcap,48,3868.8000,1.1512,0.1227,56.3664,6.0073,-1
HCAL_ENDCAP,endcap,49,3895.3000,1.1512,0.1227,57.5176,6.1301,-1
HCAL_ENDCAP,endcap,50,3921.8000,1.1512,0.1227,58.6688,6.2528,-1
HCAL_ENDCAP,endcap,51,3948.3000,1.1512,0.1227,59.8200,6.3755,-1
HCAL_ENDCAP,endcap,52,3974.8000,1.1512,0.1227,60.9713,6.4983,-1
HCAL_ENDCAP,endcap,53,4001.3000,1.1512,0.1227,62.1225,6.6210,-1
HCAL_ENDCAP,endcap,54,4027.8000,1.1512,0.1227,63.2737,6.7438,-1
HCAL_ENDCAP,endcap,55,4054.3000,1.1512,0.1227,64.4249,6.8665,-1
HCAL_ENDCAP,endcap,56,4080.8000,1.1512,0.1227,65.5761,6.9893,-1
HCAL_ENDCAP,endcap,57,4107.2998,1.1512,0.1227,66.7273,7.1120,-1
HCAL_ENDCAP,endcap,58,4133.7998,1.1512,0.1227,67.8785,7.2348,-1
HCAL_ENDCAP,endcap,59,4160.2998,1.1512,0.1227,69.0297,7.3575,-1
HCAL_ENDCAP,endcap,60,4186.7998,1.1512,0.1227,70.1810,7.4802,-1
HCAL_ENDCAP,endcap,61,4213.2998,1.1512,0.1227,71.3322,7.6030,-1
HCAL_ENDCAP,endcap,62,4239.7998,1.1512,0.1227,72.4834,7.7257,-1
HCAL_ENDCAP,endcap,63,4266.2998,1.1512,0.1227,73.6346,7.8485,-1
HCAL_ENDCAP,endcap,64,4292.7998,1.1512,0.1227,74.7858,7.9712,-1
HCAL_ENDCAP,endcap,65,4319.2998,1.1512,0.1227,75.9370,8.0940,-1
HCAL_ENDCAP,endcap,66,4345.7998,1.1512,0.1227,77.0882,8.2167,-1
HCAL_ENDCAP,endcap,67,4372.2998,1.1512,0.1227,78.2395,8.3395,-1
HCAL_ENDCAP,endcap,68,4398.7998,1.1512,0.1227,79.3907,8.4622,-1
HCAL_ENDCAP,endcap,69,4425.2998,1.1512,0.1227,80.5419,8.5849,-1
HCAL_ENDCAP,endcap,70,4451.7998,1.1512,0.1227,81.6931,8.7077,-1
HCAL_ENDCAP,endcap,71,4478.2998,1.1512,0.1227,82.8443,8.8304,-1
HCAL_ENDCAP,endcap,72,4504.7998,1.1512,0.1227,83.9955,8.9532,-1
HCAL_ENDCAP,endcap,73,4531.2998,1.1512,0.1227,85.1468,9.0759,-1
HCAL_ENDCAP,endcap,74,4557.7998,1.1512,0.1227,86.2980,9.1987,-1
MUON_ENDCAP,endcap,0,4804.7998,0.0279,0.0074,0.0279,0.0074,-1
MUON_ENDCAP,endcap,1,5031.7998,0.1095,0.0286,0.1374,0.0360,-1
MUON_ENDCAP,endcap,2,5258.7998,0.1095,0.0286,0.2470,0.0646,-1
MUON_ENDCAP,endcap,3,5485.7998,0.1095,0.0286,0.3565,0.0932,-1
MUON_ENDCAP,endcap,4,5712.7998,0.1095,0.0286,0.4661,0.1218,-1
MUON_ENDCAP,endcap,5,5939.7998,0.1095,0.0286,0.5756,0.1504,-1
MUON_ENDCAP,endcap,6,5962.2998,0.0817,0.0213,0.6573,0.1717,-1
